id;title;link;content
1;Consultant;Fantastic program convergence;Auto Loan Account driver Developer
2;upward-trending transmit;wireless pixel;COM capacitor context-sensitive
3;Moldovan Leu Bedfordshire optical;integrated;tan Lakes
4;monitoring New Taiwan Dollar;Mouse neural-net SDD;Cambridgeshire IB back-end
5;Optimization;Optional cultivate New Zealand;Pizza wireless
6;Fort multimedia;Chief Borders;Forward Fresh
7;flexibility;synthesizing;Ergonomic Wooden Computer
8;Bouvet Island (Bouvetoya) Handmade;IB Steel;Grocery Innovative SQL
9;1080p Sleek;Wooden;Vietnam Tasty
10;hacking;programming orchestrate deploy;Ethiopia capacity
